{
  "sweep": [],
  "gof": {
    "N": 2507,
    "dof": 2500,
    "chi2": 2519.651490819056,
    "p_chi2": 0.3872049840776848,
    "mean": 0.04332166070111266,
    "std": 1.001583596079877,
    "skew": -0.026948326946065873,
    "kurtosis_excess": -0.1258937738012973,
    "ks_stat": 0.012290341619992873,
    "ks_p": 0.8386457287621438,
    "jb_stat": 2.015458719910407,
    "jb_p": 0.36504692940390654
  },
  "info_criteria": {
    "AIC": 2533.651490819056,
    "BIC": 2574.439385506164
  },
  "ledger_info": {
    "total_nats": 881.2263770839197,
    "per_mode_nats": 0.3515063331008854,
    "total_bits": 1271.3409241195186,
    "per_mode_bits": 0.5071164436057115
  },
  "acf": {
    "threshold": 0.03994411732627059,
    "lags_over_threshold": [
      1,
      2,
      3,
      4,
      5,
      6,
      7,
      8,
      9,
      10,
      11,
      12,
      13,
      14,
      15,
      16,
      17,
      18,
      19,
      20,
      21,
      22,
      23,
      24,
      25,
      26,
      27,
      28,
      29,
      30,
      31,
      32,
      33,
      34,
      35,
      36,
      37,
      38,
      39,
      40
    ]
  },
  "param_order": [
    "R_gate",
    "phi_ac",
    "A_ac",
    "A_pk",
    "k_pk",
    "sigma_pk",
    "S_resp"
  ],
  "hit_bounds": [
    false,
    false,
    false,
    false,
    false,
    false,
    false
  ],
  "mg_kernel": {
    "enabled": true,
    "config": {
      "mu_form": "wilson_ir",
      "mu": 0.3001615492546175,
      "ridge": 0.0001,
      "cC2": 80.5,
      "alpha_Ric": 1197.0,
      "use_scalar_B": false,
      "B": 0.0,
      "k_uv": 3.0,
      "gain": 20.0
    },
    "acceptance": {
      "gr_symbol": true,
      "shapiro_pos": true
    }
  },
  "AR1": {
    "rho_star": 0.4331752478886356,
    "redchi_ar1": 0.8188566477933171
  },
  "AR1_calibrate": {
    "epsilon_star": 0.055751144405461577,
    "rho_star": 0.45984672101609736,
    "redchi_ar1": 1.0000102626624143,
    "total_nats": 586.7922574366185,
    "per_mode_nats": 0.23406153068871896,
    "total_bits": 846.5622798358494,
    "per_mode_bits": 0.33767940958749476
  },
  "mcmc": {
    "params": {
      "names": [
        "R_gate",
        "phi_ac",
        "A_ac",
        "A_pk",
        "k_pk",
        "sigma_pk",
        "S_resp"
      ],
      "median": [
        0.8371935640270017,
        2.331122905853483,
        0.35909913401461246,
        0.8016602130085677,
        0.03384218829870958,
        0.012817577840735684,
        0.5240606626458308
      ],
      "p16": [
        0.7303560696149624,
        2.3062002508023283,
        0.34222918515078316,
        0.6926532784205821,
        0.02230154878360499,
        0.006444409210210473,
        0.4818581492026301
      ],
      "p84": [
        0.9385568598958909,
        2.35773472071675,
        0.3786802443610063,
        0.9256002622936178,
        0.039676145243969695,
        0.029644373236858645,
        0.5726769940519062
      ],
      "Qexp_median": 0.4352194806844222,
      "Qexp_p16": 0.41022590763885664,
      "Qexp_p84": 0.461441200065339
    },
    "acceptance_fraction": 0.29689583333333336,
    "tau": [
      126.33093514566441,
      87.16552853876628,
      111.16939353560318,
      109.55453759687822,
      109.188501905328,
      108.733935846593,
      124.92340406767586
    ],
    "corr": {
      "matrix": [
        [
          1.0,
          -0.016340757455583655,
          -0.15988852127004302,
          -0.053683093456037334,
          -0.00953344183140247,
          -0.042055405463855416,
          -0.8964402474473714
        ],
        [
          -0.016340757455583655,
          1.0,
          0.017715912194040603,
          0.011639857360320334,
          0.015169649342490021,
          -0.00608190247281305,
          0.009206095507237482
        ],
        [
          -0.15988852127004302,
          0.017715912194040607,
          1.0,
          0.9000968330795766,
          -0.26336428408310214,
          0.8071208492710318,
          -0.2559019918506972
        ],
        [
          -0.05368309345603734,
          0.011639857360320336,
          0.9000968330795766,
          1.0,
          -0.2841945792528919,
          0.8291128500573723,
          -0.3748851385977437
        ],
        [
          -0.00953344183140247,
          0.015169649342490021,
          -0.26336428408310214,
          -0.2841945792528919,
          0.9999999999999998,
          -0.5769753132837485,
          0.11149704591059277
        ],
        [
          -0.042055405463855416,
          -0.006081902472813051,
          0.8071208492710319,
          0.8291128500573722,
          -0.5769753132837485,
          1.0,
          -0.32097954037918214
        ],
        [
          -0.8964402474473713,
          0.009206095507237482,
          -0.2559019918506972,
          -0.3748851385977437,
          0.11149704591059276,
          -0.3209795403791822,
          0.9999999999999999
        ]
      ],
      "names": [
        "R_gate",
        "phi_ac",
        "A_ac",
        "A_pk",
        "k_pk",
        "sigma_pk",
        "S_resp"
      ]
    }
  }
}