ID,n_points_used,ell_min,ell_max,Dl_max,model_name,epsilon_model_pinned,chi2_red,p_chi2,AIC,BIC,Qexp,R_gate,phi_ac,A_ac,A_pk,k_pk,sigma_pk,S_resp,rho_AR1,acf_lags_over_2_over_sqrtN,deltaH_mix_total_nats,deltaH_mix_per_mode_nats
CMBTT,2507,2.0,2508.0,6651.84383,EGR-Freed7,0.075,1.0080111290399756,0.38517949826492415,2534.0278225999396,2574.8157172870474,0.47550312743736406,0.9253140294791858,2.368896932262954,0.34316784196202305,0.6494685012513712,0.016879091884442664,0.013019358998007097,0.5138829762529393,0.4332840797101989,1;2;3;4;5;6;7;8;9;10;11;12,881.2263770839197,0.3515063331008854
